slug,name,short_description,description,icon_type,icon_name,icon_url,image_url,category_name,category_slug,category_icon_name,category_color,dataset_type_name,dataset_type_slug,dataset_type_icon_name,institution_name,institution_slug,institution_acronym,institution_website,status_name,status_slug,status_color,status_icon_name,is_pida,availability,coverage_geo,coverage_temporal,frequency,last_updated_at,license,source_url,source_contact,api_url,api_available,metadata_url,documentation_url,anti_corruption_prevention,anti_corruption_detection,anti_corruption_investigation,anti_corruption_social_control,anti_corruption_traceability,anti_corruption_relevance,openness_level,published,featured,display_order,published_at,guatemala_exists,guatemala_observations,guatemala_evaluation_date,guatemala_evaluated_by,guatemala_regulatory_framework
registro-de-cabilderos,Registro de cabilderos,Registro de personas y organizaciones que realizan actividades de cabildeo.,Registro de personas y organizaciones que realizan actividades de cabildeo ante instituciones públicas de Guatemala. Permite identificar intereses que influyen en decisiones de política pública.,lucide,Megaphone,,,Individuos y organizaciones,individuos-y-organizaciones,Users,#1e40af,Registro,registro,Database,,,,,Brecha,brecha,#dc2626,CircleX,true,,Nacional,N/D,Anual,,N/D,,,,false,,,true,true,false,false,false,,0,true,false,1,2026-09-12 00:42:04.339289+00,false,No identifiqué un registro público nacional de cabilderos/lobby. No existe normativa específica que regule esta actividad en Guatemala.,2026-09-12,Equipo CNC Guatemala,No existe normativa específica sobre cabildeo en Guatemala.
declaracion-de-intereses,Declaración de Intereses,Declaraciones de intereses de servidores públicos.,Declaraciones de intereses presentadas por servidores públicos y autoridades guatemaltecas. Permiten identificar conflictos de interés potenciales.,lucide,FileText,,,Individuos y organizaciones,individuos-y-organizaciones,Users,#1e40af,Registro,registro,Database,,,,,Brecha,brecha,#dc2626,CircleX,true,,Nacional,N/D,Anual,,N/D,,,,false,,,true,true,true,false,false,,0,true,false,2,2026-09-12 00:42:04.339289+00,false,No identifiqué un registro público estructurado de declaraciones de intereses de funcionarios. La ley exige su presentación pero no su publicación sistemática.,2026-09-12,Equipo CNC Guatemala,La Ley de Probidad exige declaración de intereses pero no establece publicación pública estructurada.
registro-de-companias,Registro de compañías,Registro público de empresas y sociedades mercantiles.,"Registro público de empresas, sociedades mercantiles y personas jurídicas en Guatemala. Administrado por el Registro Mercantil.",lucide,Building2,,,Individuos y organizaciones,individuos-y-organizaciones,Users,#1e40af,Registro,registro,Database,Registro Mercantil,registro-mercantil,REGMERC,https://www.registromercantil.gob.gt,Disponible,disponible,#2563eb,CircleDashed,true,,Nacional,N/D,Continua,,Restringido,https://sedevirtual.registromercantil.gob.gt/sedevirtual/,,,false,,,true,true,true,false,false,,3,true,false,3,2026-09-12 00:42:04.339289+00,true,"El Registro Mercantil permite consultar sociedades, empresas y comerciantes a través de SEDEVIRTUAL. Permite consultas individuales pero no es una descarga masiva abierta. No incluye información de beneficiarios finales.",2026-09-12,Equipo CNC Guatemala,
registro-de-organizaciones-beneficas,Registro de organizaciones benéficas,Registro de organizaciones sin fines de lucro.,"Registro de organizaciones sin fines de lucro, fundaciones y asociaciones de beneficencia en Guatemala.",lucide,HeartHandshake,,,Individuos y organizaciones,individuos-y-organizaciones,Users,#1e40af,Registro,registro,Database,Registro de las Personas Jurídicas,repeju-mingob,REPEJU,https://repeju.gob.gt/,Parcial,parcial,#ca8a04,CircleDot,true,,Nacional,N/D,Anual,,N/D,https://repeju.gob.gt/,,,false,,,true,false,false,false,false,,2,true,false,4,2026-09-12 00:42:04.339289+00,true,"REPEJU registra personas jurídicas no lucrativas, asociaciones, ONG y otras entidades. No identifiqué un padrón nacional completo descargable en formatos abiertos.",2026-09-12,Equipo CNC Guatemala,
servidores-publicos-en-procesos-de-contratacion,Servidores públicos en procesos de contratación,Funcionarios que participan en procesos de adquisición.,Registro de servidores públicos que intervienen en procesos de contratación pública en Guatemala.,lucide,UserCog,,,Individuos y organizaciones,individuos-y-organizaciones,Users,#1e40af,Registro,registro,Database,Ministerio de Finanzas Públicas,ministerio-de-finanzas-publicas,MINFIN,https://www.minfin.gob.gt,Parcial,parcial,#ca8a04,CircleDot,true,,Nacional,N/D,N/D,,N/D,https://www.guatecompras.gt/,,,false,,,true,true,true,false,false,,2,true,false,5,2026-09-12 00:42:04.339289+00,true,"Los procesos de GUATECOMPRAS identifican unidades compradoras y distintos actores, pero no encontré un dataset nacional específico de funcionarios que participan en contratación.",2026-09-12,Equipo CNC Guatemala,
personas-politicamente-expuestas,Personas políticamente expuestas,Listado de personas que ocupan cargos públicos de alto nivel.,"Listado de personas que ocupan o han ocupado cargos públicos de alto nivel en Guatemala, relevantes para prevención de lavado de dinero y corrupción.",lucide,UserRoundCheck,,,Individuos y organizaciones,individuos-y-organizaciones,Users,#1e40af,Registro,registro,Database,Superintendencia de Bancos,superintendencia-de-bancos,SIB,https://www.sib.gob.gt/,Parcial,parcial,#ca8a04,CircleDot,true,,Nacional,N/D,Anual,,N/D,https://infpb.sib.gob.gt/c/document_library/get_file?folderId=12584&name=DLFE-22765.pdf,,,false,,,true,true,true,false,false,,2,true,false,6,2026-09-12 00:42:04.339289+00,true,"La SIB dispone de criterios y listados de cargos públicos relevantes considerados PEP, pero esto no equivale a un registro nominal e histórico abierto de las personas.",2026-09-12,Equipo CNC Guatemala,
registro-de-servidores-publicos,Registro de servidores públicos,Registro completo de servidores públicos del Estado.,"Registro de servidores públicos del Estado de Guatemala, incluyendo cargos, instituciones y remuneraciones.",lucide,Users,,,Individuos y organizaciones,individuos-y-organizaciones,Users,#1e40af,Registro,registro,Database,Oficina Nacional de Servicio Civil,onsec,ONSEC,https://www.onsec.gob.gt/,Parcial,parcial,#ca8a04,CircleDot,true,,Nacional,N/D,Anual,,N/D,https://www.onsec.gob.gt/w1/index.php/2025/07/21/onsec-presenta-ficha-de-informacion-de-servidores-publicos/,,,false,,,true,false,true,false,false,,2,true,false,7,2026-09-12 00:42:04.339289+00,true,"ONSEC cuenta con la Ficha de Información de Servidores Públicos dentro de SIARH. Incluye datos laborales y salariales, pero no es actualmente un padrón nacional abierto.",2026-09-12,Equipo CNC Guatemala,
lista-de-contratistas-de-gobierno,Lista de contratistas de gobierno,Empresas y personas que contratan con el Estado.,Listado de empresas y personas que han contratado con el Estado de Guatemala. Información disponible parcialmente a través de Guatecompras.,lucide,ListChecks,,,Individuos y organizaciones,individuos-y-organizaciones,Users,#1e40af,Registro,registro,Database,Ministerio de Finanzas Públicas,ministerio-de-finanzas-publicas,MINFIN,https://www.minfin.gob.gt,Datos abiertos,datos-abiertos,#16a34a,CircleCheck,true,,Nacional,N/D,Continua,,Acceso libre,https://datos.minfin.gob.gt/dataset/?groups=contratistas-y-proveedores-del-estado-rgae&organization=minfin&tags=proveedores,,,false,,,true,true,true,false,false,,5,true,false,8,2026-09-12 00:42:04.339289+00,true,"Existe el Registro de Proveedores/RGAE, con archivos XLSX y acceso mediante API del catálogo de datos abiertos del MINFIN.",2026-09-12,Equipo CNC Guatemala,
consejos-consultivos-de-gobierno,Consejos consultivos de gobierno,Integración de consejos consultivos del gobierno.,"Integración, funcionamiento y resoluciones de consejos consultivos del gobierno de Guatemala.",lucide,UsersRound,,,Individuos y organizaciones,individuos-y-organizaciones,Users,#1e40af,Registro,registro,Database,,,,,Parcial,parcial,#ca8a04,CircleDot,true,,Nacional,N/D,N/D,,N/D,,,,false,,,true,false,false,false,false,,2,true,false,9,2026-09-12 00:42:04.339289+00,true,"Existen múltiples consejos, juntas y comisiones en distintas instituciones, pero no identifiqué un directorio nacional estructurado de órganos consultivos y sus integrantes.",2026-09-12,Equipo CNC Guatemala,
financiamiento-a-partidos-politicos,Financiamiento a partidos políticos,"Ingresos, gastos y fuentes de financiamiento de partidos.","Información sobre ingresos, gastos y fuentes de financiamiento de partidos políticos en Guatemala, publicada por el TSE.",lucide,Landmark,,,Recursos públicos,recursos-publicos,Banknote,#0891b2,Divulgación pública,divulgacion-publica,FileText,Tribunal Supremo Electoral,tribunal-supremo-electoral,TSE,https://www.tse.org.gt,Disponible,disponible,#2563eb,CircleDashed,true,,Nacional,N/D,Anual,,N/D,https://cuentasclaras.tse.org.gt/,,,false,,,true,true,true,false,false,,3,true,false,10,2026-09-12 00:42:04.339289+00,true,"El TSE dispone de Cuentas Claras, que permite consultar información relativa a ingresos, gastos y financiamiento político de partidos. No es un dataset descargable en formatos abiertos.",2026-09-12,Equipo CNC Guatemala,
presupuesto-general-de-la-nacion,Presupuesto General de la Nación,Presupuesto del Estado y asignaciones por institución.,"Presupuesto General de la Nación de Guatemala, incluyendo asignaciones por institución, programa y partida presupuestaria.",lucide,PieChart,,,Recursos públicos,recursos-publicos,Banknote,#0891b2,Divulgación pública,divulgacion-publica,FileText,Ministerio de Finanzas Públicas,ministerio-de-finanzas-publicas,MINFIN,https://www.minfin.gob.gt,Datos abiertos,datos-abiertos,#16a34a,CircleCheck,true,,Nacional,Anual,Anual,,Acceso libre,https://datos.minfin.gob.gt/,,,false,,,true,true,false,false,false,,5,true,false,11,2026-09-12 00:42:04.339289+00,true,"El portal de datos abiertos del MINFIN publica información presupuestaria en formatos reutilizables (CSV, XLSX).",2026-09-12,Equipo CNC Guatemala,
procesos-de-compra-en-guatecompras,Procesos de compra en Guatecompras,Procesos de adquisición realizados por instituciones públicas.,"Procesos de compra y contratación realizados por instituciones públicas de Guatemala, publicados a través del sistema Guatecompras del MINFIN.",lucide,ShoppingCart,,,Recursos públicos,recursos-publicos,Banknote,#0891b2,Divulgación pública,divulgacion-publica,FileText,Ministerio de Finanzas Públicas,ministerio-de-finanzas-publicas,MINFIN,https://www.minfin.gob.gt,Datos abiertos,datos-abiertos,#16a34a,CircleCheck,true,,Nacional,2003-presente,Continua,,Acceso libre,https://datos.minfin.gob.gt/,,,false,,,true,true,true,false,false,,5,true,false,12,2026-09-12 00:42:04.339289+00,true,"Guatemala cuenta con datos de concursos, adquisiciones y otros componentes de contratación pública en GUATECOMPRAS y el portal de datos abiertos del MINFIN.",2026-09-12,Equipo CNC Guatemala,
licencias,Licencias,Licencias y permisos otorgados por entidades públicas.,"Licencias, permisos y autorizaciones otorgados por entidades públicas de Guatemala.",lucide,BadgeCheck,,,Recursos públicos,recursos-publicos,Banknote,#0891b2,Transacción,transaccion,ArrowRightLeft,Ministerio de Ambiente y Recursos Naturales,marn,MARN,https://www.marn.gob.gt/,Parcial,parcial,#ca8a04,CircleDot,true,,Nacional,N/D,N/D,,N/D,https://apps.marn.gob.gt/Consultas/Licencia/ConsultaLicencia.aspx,,,false,,,true,false,true,false,false,,2,true,false,13,2026-09-12 00:42:04.339289+00,true,"Existen registros sectoriales. MARN permite validar licencias ambientales, pero no existe un registro nacional unificado de licencias de todas las instituciones.",2026-09-12,Equipo CNC Guatemala,
asociaciones-publico-privadas,Asociaciones público privadas,Contratos de asociación entre el sector público y privado.,Contratos y proyectos de asociación entre el sector público y el sector privado en Guatemala.,lucide,Handshake,,,Recursos públicos,recursos-publicos,Banknote,#0891b2,Transacción,transaccion,ArrowRightLeft,Agencia Nacional de Alianzas para el Desarrollo de Infraestructura Económica,anadie,ANADIE,https://anadie.gob.gt/,Disponible,disponible,#2563eb,CircleDashed,true,,Nacional,N/D,N/D,,N/D,https://anadie.gob.gt/,,,false,,,true,true,true,false,false,,3,true,false,14,2026-09-12 00:42:04.339289+00,true,"Existe información pública sobre proyectos APP en el portal de ANADIE, pero no identifiqué un dataset abierto consolidado equivalente al estándar PIDA.",2026-09-12,Equipo CNC Guatemala,
gasto-publico,Gasto público,Ejecución del gasto público por institución.,"Ejecución del gasto público de Guatemala, desglosado por institución, programa y partida presupuestaria.",lucide,Banknote,,,Recursos públicos,recursos-publicos,Banknote,#0891b2,Transacción,transaccion,ArrowRightLeft,Ministerio de Finanzas Públicas,ministerio-de-finanzas-publicas,MINFIN,https://www.minfin.gob.gt,Datos abiertos,datos-abiertos,#16a34a,CircleCheck,true,,Nacional,N/D,Mensual,,Acceso libre,https://datos.minfin.gob.gt/,,,false,,,true,true,false,false,false,,5,true,false,15,2026-09-12 00:42:04.339289+00,true,La ejecución presupuestaria del MINFIN permite analizar el gasto público mediante información fiscal estructurada en formatos reutilizables.,2026-09-12,Equipo CNC Guatemala,
subsidios-de-gobierno,Subsidios de gobierno,Subsidios y transferencias del gobierno.,"Subsidios, transferencias y asignaciones otorgadas por el gobierno de Guatemala.",lucide,Gift,,,Recursos públicos,recursos-publicos,Banknote,#0891b2,Transacción,transaccion,ArrowRightLeft,Ministerio de Desarrollo Social,mides,MIDES,https://www.mides.gob.gt/,Parcial,parcial,#ca8a04,CircleDot,true,,Nacional,N/D,Mensual,,N/D,https://www.mides.gob.gt/15-programas-de-subsidios-becas-o-transferencias/,,,false,,,true,true,false,false,false,,2,true,false,16,2026-09-12 00:42:04.339289+00,true,"MIDES publica montos, criterios y padrones de programas, incluyendo archivos en formato abierto. No cubre todos los subsidios del Estado de Guatemala.",2026-09-12,Equipo CNC Guatemala,
cooperacion-internacional,Cooperación internacional,Proyectos y fondos de cooperación internacional.,"Proyectos y fondos de cooperación internacional recibidos por Guatemala, administrados principalmente por SEGEPLAN.",lucide,Globe,,,Recursos públicos,recursos-publicos,Banknote,#0891b2,Transacción,transaccion,ArrowRightLeft,Secretaría de Planificación y Programación de la Presidencia,segeplan,SEGEPLAN,https://www.segeplan.gob.gt,Datos abiertos,datos-abiertos,#16a34a,CircleCheck,true,,Nacional,N/D,Anual,,Acceso libre,https://datos.segeplan.gob.gt/dataset/?_tags_limit=0&groups=cooperacion,,,false,,,true,false,false,false,false,,5,true,false,17,2026-09-12 00:42:04.339289+00,true,"SEGEPLAN publica proyectos, desembolsos y procesos de cooperación en formatos CSV/XLSX y señala acceso mediante API en su portal de datos abiertos.",2026-09-12,Equipo CNC Guatemala,
contratos-de-gobierno,Contratos de gobierno,Contratos suscritos entre el Estado y proveedores.,Contratos suscritos entre el Estado de Guatemala y proveedores de bienes y servicios. Información disponible a través de Guatecompras.,lucide,FileSignature,,,Recursos públicos,recursos-publicos,Banknote,#0891b2,Registro,registro,Database,Ministerio de Finanzas Públicas,ministerio-de-finanzas-publicas,MINFIN,https://www.minfin.gob.gt,Datos abiertos,datos-abiertos,#16a34a,CircleCheck,true,,Nacional,N/D,Continua,,Acceso libre,https://www.guatecompras.gt/,,,false,,,true,true,true,false,false,,5,true,false,18,2026-09-12 00:42:04.339289+00,true,Buena parte de la información contractual y de adjudicación puede recuperarse desde el ecosistema de contratación pública de GUATECOMPRAS y el portal de datos del MINFIN.,2026-09-12,Equipo CNC Guatemala,
datos-de-auditorias,Datos de auditorías,Informes y resultados de auditorías a instituciones públicas.,Informes y resultados de auditorías realizadas por la Contraloría General de Cuentas a instituciones públicas de Guatemala.,lucide,SearchCheck,,,"Regulación, procesos administrativos y registros",regulacion-procesos-administrativos-registros,ScrollText,#0d9488,Transacción,transaccion,ArrowRightLeft,Contraloría General de Cuentas,contraloria-general-de-cuentas,CGC,https://www.contraloria.gob.gt,Disponible,disponible,#2563eb,CircleDashed,true,,Nacional,N/D,Continua,,Acceso libre,https://www.contraloria.gob.gt/index.php/informes-de-auditoria-cgc/,,,false,,,false,true,true,false,false,,3,true,false,19,2026-09-12 00:42:04.339289+00,true,"La CGC publica informes de auditoría, pero principalmente como documentos PDF. Falta un dataset estructurado de hallazgos, montos y recomendaciones.",2026-09-12,Equipo CNC Guatemala,
votaciones-del-congreso,Votaciones del Congreso,Registro de votaciones del Congreso de la República.,Registro de votaciones del Congreso de la República de Guatemala en sesiones plenarias.,lucide,Vote,,,"Regulación, procesos administrativos y registros",regulacion-procesos-administrativos-registros,ScrollText,#0d9488,Divulgación pública,divulgacion-publica,FileText,Congreso de la República,congreso-de-la-republica,CONGRESO,https://www.congreso.gob.gt,Disponible,disponible,#2563eb,CircleDashed,true,,Nacional,N/D,Sesión,,N/D,https://www.congreso.gob.gt/seccion_informacion_legislativa/votaciones_pleno,,,false,,,true,false,false,false,false,,3,true,false,20,2026-09-12 00:42:04.339289+00,true,"Existe consulta pública de votaciones del Pleno del Congreso, incluyendo las sesiones de 2026. No es un dataset estructurado descargable.",2026-09-12,Equipo CNC Guatemala,
decisiones-judiciales,Decisiones judiciales,Sentencias y resoluciones del sistema de justicia.,"Sentencias y resoluciones del sistema de justicia guatemalteco, publicadas por el Organismo Judicial.",lucide,Scale,,,"Regulación, procesos administrativos y registros",regulacion-procesos-administrativos-registros,ScrollText,#0d9488,Transacción,transaccion,ArrowRightLeft,Corte de Constitucionalidad,corte-de-constitucionalidad,CC,https://www.cc.gob.gt/,Parcial,parcial,#ca8a04,CircleDot,true,,Nacional,N/D,Continua,,N/D,https://jurisprudencia.cc.gob.gt/ptmp/Expediente.aspx,,,false,,,false,true,true,false,false,,2,true,false,21,2026-09-12 00:42:04.339289+00,true,"La Corte de Constitucionalidad cuenta con un sistema avanzado de consulta de jurisprudencia constitucional, pero no representa todas las decisiones del sistema judicial (Organismo Judicial).",2026-09-12,Equipo CNC Guatemala,
registro-de-obras-de-infraestructura-prioritarias,Registro de obras de infraestructura prioritarias,Obras de infraestructura declaradas prioritarias.,"Obras de infraestructura declaradas prioritarias por el Estado de Guatemala, incluyendo datos de ejecución y avance.",lucide,HardHat,,,"Regulación, procesos administrativos y registros",regulacion-procesos-administrativos-registros,ScrollText,#0d9488,Registro,registro,Database,Secretaría de Planificación y Programación de la Presidencia,segeplan,SEGEPLAN,https://www.segeplan.gob.gt,Datos abiertos,datos-abiertos,#16a34a,CircleCheck,true,,Nacional,N/D,N/D,,Acceso libre,https://datos.segeplan.gob.gt/dataset/informes-de-seguimiento-de-la-inversion-2026,,,false,,,true,true,true,false,false,,5,true,false,22,2026-09-12 00:42:04.339289+00,true,"SEGEPLAN publica seguimiento de inversión con código SNIP, proyecto, costos, entidad, municipio, coordenadas, estado y montos en formatos CSV/XLSX.",2026-09-12,Equipo CNC Guatemala,
record-de-reuniones,Récord de reuniones,Registro de reuniones de autoridades con actores externos.,"Registro de reuniones sostenidas por autoridades públicas con representantes del sector privado, sociedad civil y otros actores.",lucide,CalendarDays,,,"Regulación, procesos administrativos y registros",regulacion-procesos-administrativos-registros,ScrollText,#0d9488,Divulgación pública,divulgacion-publica,FileText,Congreso de la República,congreso-de-la-republica,CONGRESO,https://www.congreso.gob.gt,Parcial,parcial,#ca8a04,CircleDot,true,,Nacional,N/D,N/D,,N/D,https://www.congreso.gob.gt/seccion_informacion_legislativa/actas_de_sesion,,,false,,,true,true,false,false,false,,2,true,false,23,2026-09-12 00:42:04.339289+00,true,"El Congreso publica actas descargables de sus sesiones, pero Guatemala no cuenta con un registro transversal de reuniones o agendas de altos funcionarios.",2026-09-12,Equipo CNC Guatemala,
cambios-en-regulaciones,Cambios en regulaciones,Modificaciones a normas y disposiciones administrativas.,"Modificaciones a normas, reglamentos y disposiciones administrativas del Estado de Guatemala.",lucide,ScrollText,,,"Regulación, procesos administrativos y registros",regulacion-procesos-administrativos-registros,ScrollText,#0d9488,Divulgación pública,divulgacion-publica,FileText,Diario de Centro América,diario-de-centro-america,DCA,https://dca.gob.gt/,Disponible,disponible,#2563eb,CircleDashed,true,,Nacional,N/D,Diaria,,Acceso libre,https://dca.gob.gt/,,,false,,,true,false,false,false,false,,3,true,false,24,2026-09-12 00:42:04.339289+00,true,"Las nuevas normas se publican oficialmente en el Diario de Centro América, pero no identifiqué un dataset que estructure las modificaciones regulatorias y su trazabilidad.",2026-09-12,Equipo CNC Guatemala,
promesas-de-campana,Promesas de campaña,Compromisos asumidos por candidatos durante campañas.,Compromisos y propuestas asumidos por candidatos durante campañas electorales en Guatemala.,lucide,Flag,,,"Regulación, procesos administrativos y registros",regulacion-procesos-administrativos-registros,ScrollText,#0d9488,Registro,registro,Database,Tribunal Supremo Electoral,tribunal-supremo-electoral,TSE,https://www.tse.org.gt,Parcial,parcial,#ca8a04,CircleDot,true,,Nacional,N/D,Electoral,,N/D,,,,false,,,true,false,false,false,false,,2,true,false,25,2026-09-12 00:42:04.339289+00,true,"Existen planes de gobierno y propuestas electorales disponibles, pero no un dataset oficial estructurado para registrar y dar seguimiento a promesas de campaña.",2026-09-12,Equipo CNC Guatemala,
contratistas-sancionados,Contratistas sancionados,Proveedores sancionados por irregularidades.,Listado de proveedores y contratistas sancionados por incumplimiento contractual o irregularidades en Guatemala.,lucide,ShieldAlert,,,"Regulación, procesos administrativos y registros",regulacion-procesos-administrativos-registros,ScrollText,#0d9488,Registro,registro,Database,Ministerio de Finanzas Públicas,ministerio-de-finanzas-publicas,MINFIN,https://www.minfin.gob.gt,Disponible,disponible,#2563eb,CircleDashed,true,,Nacional,N/D,N/D,,N/D,https://www.guatecompras.gt/inhabilitaciones/consultaProveeInhabRes.aspx,,,false,,,false,true,true,false,false,,3,true,false,26,2026-09-12 00:42:04.339289+00,true,GUATECOMPRAS dispone de consulta pública de proveedores inhabilitados/sancionados. No es un dataset descargable sino una consulta web.,2026-09-12,Equipo CNC Guatemala,
quejas-a-procesos-de-adquisicion,Quejas a procesos de adquisición,Quejas e impugnaciones en procesos de compra pública.,"Quejas, impugnaciones y recursos presentados en procesos de adquisición pública en Guatemala.",lucide,MessageSquareWarning,,,"Regulación, procesos administrativos y registros",regulacion-procesos-administrativos-registros,ScrollText,#0d9488,Registro,registro,Database,Ministerio de Finanzas Públicas,ministerio-de-finanzas-publicas,MINFIN,https://www.minfin.gob.gt,Disponible,disponible,#2563eb,CircleDashed,true,,Nacional,N/D,N/D,,N/D,https://www.guatecompras.gt/Inconformidad/consultaAvInc.aspx?opt=Search,,,false,,,false,true,true,false,false,,3,true,false,27,2026-09-12 00:42:04.339289+00,true,El sistema GUATECOMPRAS registra y permite consultar inconformidades relacionadas con procedimientos de contratación pública.,2026-09-12,Equipo CNC Guatemala,
registro-publico-de-la-propiedad,Registro público de la propiedad,Registro de bienes inmuebles y derechos reales.,"Registro de bienes inmuebles, derechos reales y transacciones patrimoniales en Guatemala, administrado por el Registro General de la Propiedad.",lucide,Landmark,,,Extracción de rentas,extraccion-de-rentas,Landmark,#b45309,Registro,registro,Database,Registro General de la Propiedad,registro-general-de-la-propiedad,RGP,https://www.registropropiedad.gob.gt,Disponible,disponible,#2563eb,CircleDashed,true,,Nacional,N/D,Continua,,Restringido,https://www.rgp.org.gt/rgp-virtual/consulta-distancia,,,false,,,true,true,true,false,false,,3,true,false,28,2026-09-12 00:42:04.339289+00,true,"Existe Consulta a Distancia del Registro General de la Propiedad; requiere usuario y saldo, por lo que no puede considerarse un dataset abierto.",2026-09-12,Equipo CNC Guatemala,
estadisticas-tributarias,Estadísticas tributarias,Recaudación tributaria y estadísticas fiscales.,"Recaudación tributaria, declaraciones y estadísticas fiscales de Guatemala, publicadas por la SAT.",lucide,Receipt,,,Extracción de rentas,extraccion-de-rentas,Landmark,#b45309,Transacción,transaccion,ArrowRightLeft,Superintendencia de Administración Tributaria,superintendencia-de-administracion-tributaria,SAT,https://www.sat.gob.gt,Disponible,disponible,#2563eb,CircleDashed,true,,Nacional,N/D,Mensual,,Acceso libre,https://portal.sat.gob.gt/portal/estadisticas-tributarias-sat/,,,false,,,true,true,false,false,false,,3,true,false,29,2026-09-12 00:42:04.339289+00,true,SAT dispone de estadísticas tributarias y series relacionadas con recaudación; requiere una evaluación adicional a nivel de recursos para determinar apertura completa conforme a PIDA.,2026-09-12,Equipo CNC Guatemala,
declaracion-patrimonial,Declaración patrimonial,Declaraciones patrimoniales de servidores públicos.,"Declaraciones patrimoniales presentadas por servidores públicos de Guatemala, que permiten verificar evolución patrimonial.",lucide,WalletCards,,,Extracción de rentas,extraccion-de-rentas,Landmark,#b45309,Divulgación pública,divulgacion-publica,FileText,Contraloría General de Cuentas,contraloria-general-de-cuentas,CGC,https://www.contraloria.gob.gt,Brecha,brecha,#dc2626,CircleX,true,,Nacional,N/D,Anual,,N/D,https://www.contraloria.gob.gt/index.php/declaracion-jurada-patrimonial/,,,false,,,true,true,true,false,false,,0,true,false,30,2026-09-12 00:42:04.339289+00,false,"La declaración jurada patrimonial existe y es obligatoria para determinados funcionarios, pero no identifiqué publicación abierta de los registros o principales variables de las declaraciones. La CGC administra el proceso pero no publica los datos.",2026-09-12,Equipo CNC Guatemala,La Ley de Probidad establece la obligación de declaración jurada patrimonial ante la CGC.
