dataset_slug,name,description,type,format,url,file_path,file_size,mime_type,last_updated,is_active,display_order
procesos-de-compra-en-guatecompras,GUATECOMPRAS,Sistema de información de contrataciones y adquisiciones del Estado de Guatemala.,portal,,https://www.guatecompras.gt/,,,,,true,1
procesos-de-compra-en-guatecompras,Datos abiertos MINFIN - Contrataciones,Datos de contrataciones en formatos reutilizables.,portal,CSV,https://datos.minfin.gob.gt/,,,,,true,2
votaciones-del-congreso,Congreso - Votaciones del Pleno,Consulta pública de votaciones del pleno del Congreso de la República.,portal,,https://www.congreso.gob.gt/seccion_informacion_legislativa/votaciones_pleno,,,,,true,1
servidores-publicos-en-procesos-de-contratacion,GUATECOMPRAS,Sistema de información de contrataciones y adquisiciones del Estado.,portal,,https://www.guatecompras.gt/,,,,,true,1
decisiones-judiciales,CC - Jurisprudencia Constitucional,Sistema de consulta de jurisprudencia de la Corte de Constitucionalidad.,portal,,https://jurisprudencia.cc.gob.gt/ptmp/Expediente.aspx,,,,,true,1
contratistas-sancionados,GUATECOMPRAS - Proveedores Inhabilitados,Consulta de proveedores inhabilitados y sancionados.,portal,,https://www.guatecompras.gt/inhabilitaciones/consultaProveeInhabRes.aspx,,,,,true,1
presupuesto-general-de-la-nacion,Portal de datos abiertos MINFIN,Portal de datos abiertos del Ministerio de Finanzas Públicas con información presupuestaria.,portal,CSV,https://datos.minfin.gob.gt/,,,,,true,1
registro-publico-de-la-propiedad,RGP - Consulta a Distancia,Sistema de consulta del Registro General de la Propiedad (requiere usuario).,portal,,https://www.rgp.org.gt/rgp-virtual/consulta-distancia,,,,,true,1
gasto-publico,Portal de datos abiertos MINFIN,Ejecución presupuestaria y gasto público en formatos reutilizables.,portal,CSV,https://datos.minfin.gob.gt/,,,,,true,1
registro-de-servidores-publicos,ONSEC - Ficha de Servidores Públicos,Ficha de información de servidores públicos dentro de SIARH.,portal,,https://www.onsec.gob.gt/w1/index.php/2025/07/21/onsec-presenta-ficha-de-informacion-de-servidores-publicos/,,,,,true,1
subsidios-de-gobierno,MIDES - Programas de subsidios,"Programas de subsidios, becas y transferencias del Ministerio de Desarrollo Social.",portal,,https://www.mides.gob.gt/15-programas-de-subsidios-becas-o-transferencias/,,,,,true,1
personas-politicamente-expuestas,SIB - Listado de cargos PEP,Documento con criterios y listado de cargos públicos relevantes considerados PEP por la SIB.,document,PDF,https://infpb.sib.gob.gt/c/document_library/get_file?folderId=12584&name=DLFE-22765.pdf,,,,,true,1
financiamiento-a-partidos-politicos,Cuentas Claras TSE,"Sistema de consulta de ingresos, gastos y financiamiento de partidos políticos.",portal,,https://cuentasclaras.tse.org.gt/,,,,,true,1
estadisticas-tributarias,SAT - Estadísticas Tributarias,Portal de estadísticas tributarias de la Superintendencia de Administración Tributaria.,portal,,https://portal.sat.gob.gt/portal/estadisticas-tributarias-sat/,,,,,true,1
registro-de-organizaciones-beneficas,REPEJU - Registro de Personas Jurídicas,Portal del Registro de las Personas Jurídicas de Guatemala.,portal,,https://repeju.gob.gt/,,,,,true,1
registro-de-companias,SEDEVIRTUAL - Registro Mercantil,Portal de consulta virtual del Registro Mercantil de Guatemala.,portal,,https://sedevirtual.registromercantil.gob.gt/sedevirtual/,,,,,true,1
declaracion-patrimonial,CGC - Declaración Jurada Patrimonial,Información sobre el proceso de declaración jurada patrimonial ante la CGC.,portal,,https://www.contraloria.gob.gt/index.php/declaracion-jurada-patrimonial/,,,,,true,1
contratos-de-gobierno,GUATECOMPRAS,Sistema de contrataciones del Estado con información de contratos y adjudicaciones.,portal,,https://www.guatecompras.gt/,,,,,true,1
cooperacion-internacional,Datos abiertos SEGEPLAN - Cooperación,Proyectos y desembolsos de cooperación internacional en CSV/XLSX.,portal,CSV,https://datos.segeplan.gob.gt/dataset/?_tags_limit=0&groups=cooperacion,,,,,true,1
quejas-a-procesos-de-adquisicion,GUATECOMPRAS - Inconformidades,Consulta de inconformidades presentadas en procedimientos de contratación.,portal,,https://www.guatecompras.gt/Inconformidad/consultaAvInc.aspx?opt=Search,,,,,true,1
cambios-en-regulaciones,Diario de Centro América,"Diario oficial de Guatemala con publicación de leyes, decretos y disposiciones.",portal,,https://dca.gob.gt/,,,,,true,1
datos-de-auditorias,CGC - Informes de Auditoría,Informes de auditoría publicados por la Contraloría General de Cuentas.,portal,PDF,https://www.contraloria.gob.gt/index.php/informes-de-auditoria-cgc/,,,,,true,1
record-de-reuniones,Congreso - Actas de Sesión,Actas descargables de las sesiones del Congreso de la República.,document,PDF,https://www.congreso.gob.gt/seccion_informacion_legislativa/actas_de_sesion,,,,,true,1
registro-de-obras-de-infraestructura-prioritarias,SEGEPLAN - Seguimiento de Inversión 2026,"Informes de seguimiento de inversión pública con SNIP, costos, entidad, municipio y coordenadas.",portal,CSV,https://datos.segeplan.gob.gt/dataset/informes-de-seguimiento-de-la-inversion-2026,,,,,true,1
licencias,MARN - Consulta de Licencias Ambientales,Sistema de consulta de licencias ambientales del Ministerio de Ambiente.,portal,,https://apps.marn.gob.gt/Consultas/Licencia/ConsultaLicencia.aspx,,,,,true,1
lista-de-contratistas-de-gobierno,Datos abiertos MINFIN - RGAE,Portal de datos abiertos del MINFIN con registro de proveedores y contratistas del Estado.,portal,CSV,https://datos.minfin.gob.gt/dataset/?groups=contratistas-y-proveedores-del-estado-rgae&organization=minfin&tags=proveedores,,,,,true,1
asociaciones-publico-privadas,ANADIE,Portal de la Agencia Nacional de Alianzas para el Desarrollo de Infraestructura Económica.,portal,,https://anadie.gob.gt/,,,,,true,1
