key,value
about_purpose_text,"El portal centraliza, clasifica, documenta y facilita el acceso a conjuntos de datos públicos útiles para prevenir, detectar, investigar y analizar riesgos de corrupción en Guatemala. Sirve como herramienta para instituciones públicas, sociedad civil, periodistas, investigadores y ciudadanos interesados en la integridad pública."
about_text,"Datos Abiertos contra la Corrupción en Guatemala es una iniciativa de la Comisión Nacional contra la Corrupción de Guatemala para centralizar, clasificar y facilitar el acceso a conjuntos de datos públicos útiles para prevenir, detectar, investigar y analizar riesgos de corrupción."
contact_email,contacto@cnc.gob.gt
footer_responsible_institution,Comisión Nacional contra la Corrupción
footer_text,Comisión Nacional contra la Corrupción — CNC Guatemala. Datos Abiertos contra la Corrupción en Guatemala.
gap_recommendation_text,"Crear un registro estructurado, interoperable y descargable. Establecer mecanismos de publicación periódica en formatos abiertos."
hero_search_placeholder,¿Qué datos estás buscando?
hero_text,"Descubre conjuntos de datos públicos de Guatemala que pueden utilizarse para fortalecer la transparencia, identificar riesgos de corrupción, realizar investigaciones y promover el control ciudadano."
hero_title,Datos abiertos para prevenir y combatir la corrupción
home_search_examples,"Contrataciones, Empresas, Funcionarios, Presupuesto, Auditorías, Partidos políticos, Infraestructura"
integrity_disclaimer,"Los datos, indicadores, patrones y cruces presentados en este portal pueden ayudar a identificar riesgos, anomalías o áreas que ameritan análisis adicional. No constituyen por sí mismos una determinación de responsabilidad administrativa, civil o penal."
methodology_disclaimer,Una baja calificación no implica incumplimiento legal ni una alta calificación implica ausencia de riesgos de corrupción. La evaluación busca medir utilidad y condiciones de reutilización de información pública.
pida_methodology,El Programa Interamericano de Datos Abiertos para Prevenir y Combatir la Corrupción (PIDA) de la OEA identifica conjuntos de datos estratégicos que los Estados deberían publicar para fortalecer la transparencia y la lucha contra la corrupción. Este portal adapta dichos conjuntos al contexto de Guatemala.
portal_name,CNC Guatemala | Datos para la Integridad
portal_subtitle,Datos Abiertos contra la Corrupción en Guatemala
portal_title,Datos para la Integridad
